AT,EUR,1.0
AU,USD,1.0
CA,USD,1.0
DE,EUR,0.6
DE,GBP,0.4
DK,USD,0.8333333333333334
DK,EUR,0.16666666666666666
FR,EUR,0.9937597503900156
FR,USD,0.0062402496099844
GB,USD,0.8411214953271028
GB,GBP,0.14953271028037382
GB,EUR,0.009345794392523364
GR,EUR,1.0
GT,USD,1.0
IE,USD,1.0
JP,USD,1.0
KR,EUR,1.0
NC,USD,1.0
NO,USD,1.0
NZ,USD,1.0
SE,EUR,1.0
TW,USD,1.0
US,USD,0.9958847736625515
US,EUR,0.00411522633744856
ZA,USD,1.0
